{
  "usingComponents": {
    "searchBar": "/components/searchBar/searchBar",
    "tabBar": "/components/tabBar/tabBar",
    "van-dropdown-menu": "/dist/dropdown-menu",
    "van-cell":"/dist/cell",
    "van-popup":"/dist/popup",
    "van-button": "/dist/button",
    "van-dropdown-item": "/dist/dropdown-item",
    "i-load-more": "/iView/load-more/index",
    "van-loading": "/dist/loading/index",
    "van-empty": "/dist/empty/index"
  },
  "enablePullDownRefresh": true,
  "onReachBottomDistance": 100
}