{
  "usingComponents": {
    "searchBar": "/components/searchBar/searchBar",
    "tabBar": "/components/tabBar/tabBar",
    "van-dropdown-menu": "/dist/dropdown-menu",
    "van-dropdown-item": "/dist/dropdown-item",
    "van-cell": "/dist/cell",
    "van-popup": "/dist/popup",
    "van-button": "/dist/button",
    "van-dropdown-item": "/dist/dropdown-item",
    "van-loading": "/dist/loading/index",
    "van-tag": "/dist/tag/index",
    "van-empty": "/dist/empty/index"
  },
  "enablePullDownRefresh": true,
  "onReachBottomDistance": 100
}